{
  "head_lateral_tilt": 1.211454360193106,
  "neck_compression": 1.6224705734315863,
  "head_pitch": 169.20956235587033,
  "face_width": 256.0727662035998,
  "shoulder_tilt": 0.04156121990996328
}