{
  "neck_angle": 136.1344008829023,
  "head_pitch": 129.34739214600424,
  "face_width": 73.03408746410533,
  "shoulder_tilt": 0.1157941410961971
}